RA,DEC,F336W-F475W_RAW,F475W-F814W_RAW,F475W_RAW,F336W-F475W,F475W-F814W,F475W,A(F475W),Z
10.833643831,41.2628284976,-0.073,0.979,18.442,-0.959162509303,-0.233015959117,-7.94491212305,1.98691155847,nan
10.8146784245,41.2580747986,-1.42,-0.0019989,20.308,-1.82897338596,-0.56135701548,-5.00897995036,0.916980514939,nan
10.8396899929,41.2667272319,-0.387999,2.67,23.171,-2.6261431129,-1.32042561953,-6.24726175546,5.01826128244,nan
10.8519422832,41.2672365841,-0.635,1.098,23.122,-1.86396732929,-0.582874712555,-4.03353187466,2.75553161526,nan
10.8307125227,41.2518118462,-1.42,0.0380001,20.61,-1.88258621348,-0.594684968716,-4.82718803805,1.03718864841,nan
10.8274915969,41.2481807588,-1.487,-0.0830002,20.607,-1.84296028993,-0.569852368549,-4.59111798584,0.798118336792,nan
10.8214304728,41.2478509296,-0.454,1.441,22.794,-2.00277417114,-0.677277943176,-5.07858614147,3.47258676708,nan
10.8097580407,41.2614088336,-0.708,0.0790005,21.32,-0.931414519428,-0.226566220154,-3.58092931038,0.500929005207,nan
10.8600022746,41.2582531871,-1.559,-0.0209999,20.938,-2.08518627689,-0.740671701263,-4.64179009895,1.17978982429,nan
10.8349054969,41.2642312257,-1.257,0.283998,21.078,-1.91486237584,-0.61576847896,-4.79702870196,1.47502781695,nan
10.863509052,41.2605871557,-0.132,1.431,22.55,-1.45626503337,-0.380214793405,-4.81920494206,2.96920417912,nan
10.8295959588,41.2553965896,-0.983,0.23,21.16,-1.418874587,-0.366152070036,-4.21729787762,0.977297725036,nan
10.8658192808,41.2504401197,-0.0240002,0.371,21.399,-0.365593710977,-0.0962016412707,-3.76690463738,0.765904805226,nan
10.8535598099,41.2515035901,-0.0819988,1.696,23.605,-1.66785471891,-0.472996583736,-4.35073116144,3.55573070368,nan
10.8337627398,41.2604372246,-0.636002,0.478001,21.856,-1.20154094294,-0.295494890918,-3.81202456168,1.26802546195,nan
10.8409507872,41.2634913504,-0.124001,1.502,23.341,-1.51828930093,-0.404987956223,-4.18520835999,3.12620796326,nan
10.8081245625,41.2681609111,-0.455,0.309,22.468,-0.829828559652,-0.203657984577,-2.77242253856,0.84042295055,nan
10.8569766363,41.252475851,-0.539999,1.831,23.813,-2.62240949789,-1.31531659446,-5.25608209016,4.6690818155,nan
10.8107854244,41.2666109311,-0.709,0.0200005,22.615,-0.880854919809,-0.215048251815,-2.17032598229,0.385325753407,nan
10.8080743591,41.2673823796,-1.35,0.701,22.777,-2.62381321775,-1.31723542808,-4.47908216531,2.85608259256,nan
10.8105905045,41.2665018234,-0.256001,0.207001,22.66,-0.502766532467,-0.130504353537,-2.29328717875,0.553287026162,nan
10.8355703871,41.2518165917,-0.389999,0.742001,22.618,-1.13503741682,-0.276997618761,-3.45248881964,1.67048885016,nan
10.8430752242,41.2599892161,-0.809999,1.621,23.639,-2.62571441711,-1.31983813322,-4.83210981702,4.07110975598,nan
10.8104970535,41.266305318,-0.779999,0.271,22.723,-1.19224475521,-0.292834273851,-2.60131875888,0.924318331637,nan
10.8311203382,41.2538010894,-1.118,0.0640011,22.207,-1.4375959122,-0.373114360178,-2.90958196193,0.716582694347,nan
10.8285076931,41.2442491635,-1.397,-0.0839996,22.28,-1.6893213725,-0.483809644264,-2.77542556003,0.65542624668,nan
10.8105567463,41.2647791044,-0.816999,0.272999,22.848,-1.24115851675,-0.307129081688,-2.50302975758,0.951029330332,nan
10.8389367048,41.2682658245,-0.916,0.259001,22.221,-1.357052057,-0.344231354942,-3.16790446491,0.988905136295,nan
10.8174125894,41.2468069297,-0.803999,0.275999,22.321,-1.22734504153,-0.303016889481,-3.02820734416,0.949206489664,nan
10.8343552986,41.2588550229,-0.437,0.452999,22.448,-0.934359890856,-0.227246099988,-3.0671561359,1.11515609013,nan
10.8119449781,41.2549202904,-0.724998,0.264999,22.956,-1.11794031204,-0.272432272078,-2.32503613664,0.881035511027,nan
10.8342276563,41.2609694825,-0.594,0.812,22.951,-1.46941137598,-0.385311436374,-3.41180587004,1.96280608366,nan
10.8112485705,41.2636281725,-0.513,0.395,23.087,-0.974878682875,-0.23671635547,-2.34860143998,1.03560133317,nan
10.8176191978,41.2485657482,-0.855,0.127001,22.462,-1.15418516442,-0.282199257495,-2.60881988749,0.670819780674,nan
10.8308605712,41.251069974,-0.337002,0.450001,22.849,-0.812050007177,-0.199728847039,-2.61612957737,1.06513050816,nan
10.8077076667,41.2669372197,-0.331001,0.440001,23.238,-0.796182954948,-0.196234489839,-2.20500736615,1.0430082359,nan
10.8123388404,41.2597407263,-0.477999,0.254999,23.199,-0.810168663432,-0.199313972072,-1.9457762227,0.744775627604,0.0206824066374
10.8573771637,41.2657261663,-1.215,0.0640011,22.672,-1.57603511199,-0.42979112567,-2.53749453965,0.809495424663,nan
10.8228116491,41.2511052838,-1.181,-0.0459995,22.639,-1.41368837803,-0.364250781511,-2.28272342912,0.521723368087,nan
10.8470901733,41.2737246641,-0.259001,0.683001,22.958,-0.922534245988,-0.224522788231,-2.92974301822,1.48774320132,nan
10.8648288561,41.2582935118,-0.174,0.361,22.848,-0.53970007238,-0.139172975874,-2.37195622546,0.819955798212,nan
10.8357699847,41.2633753071,-0.319,0.320002,22.759,-0.677395435845,-0.170180162266,-2.44457588482,0.803576663015,nan
10.8425441721,41.2520729938,-0.323,0.401999,22.873,-0.753560636244,-0.186884924122,-2.49238350383,0.965382695114,nan
10.8103901178,41.2662553991,-0.801001,0.232,23.358,-1.18276807755,-0.290147999499,-1.89798110074,0.855980902379,0.0109896063784
10.8145138367,41.2536551535,-0.146999,0.309999,23.382,-0.461874164629,-0.120658900322,-1.72399735226,0.705997321746,0.0261683348762
10.8478602059,41.2700956213,-0.576,0.615999,23.122,-1.253715539,-0.310920842048,-2.79754134768,1.51954108828,nan
10.8283124232,41.2594093027,-0.415001,0.453001,22.975,-0.907927934971,-0.221181672416,-2.53021715092,1.10521753239,nan
10.8096465874,41.2667351668,-0.224001,0.981001,23.766,-1.14594043334,-0.279947746725,-2.70112818182,2.0671289295,nan
10.809044517,41.2667924447,-0.379999,0.320999,23.535,-0.750913518106,-0.186305244575,-1.69664669371,0.831646541119,0.0220034183068
10.8604660323,41.2704780469,-0.542999,0.737999,23.4,-1.32685274158,-0.334087627601,-2.75751938147,1.75751900001,nan
10.8629994863,41.2599104212,-0.58,0.312,23.075,-0.982517521476,-0.238528278346,-2.22750506166,0.902505824596,nan
10.8099608598,41.2658740476,-0.946999,0.0389996,23.543,-1.18892865394,-0.291891328666,-1.3994448081,0.542444075674,0.0108043087011
10.8706675809,41.2568524028,-0.313,0.125999,22.973,-0.500074055595,-0.129864543608,-1.84644959822,0.41944917097,0.0258579426109
10.8295663877,41.2553649104,-0.378,1.119,23.893,-1.48129255518,-0.389987739479,-2.98074989305,2.4737495421,nan
10.8535431508,41.2596443865,-0.549,0.389999,23.473,-1.01409591674,-0.246118636181,-1.96981686303,1.04281643579,0.0162580475914
10.8324119081,41.2649081467,-0.966999,0.201,23.039,-1.36853229496,-0.348182021829,-2.26129918915,0.900298746642,nan
10.8078679463,41.2654031864,-0.124001,0.910999,23.875,-0.960709674237,-0.233378653029,-2.40102942807,1.87602942807,nan
10.8314169443,41.241007524,-0.484001,0.281,23.451,-0.840008487681,-0.205915714887,-1.74722249493,0.79822270855,0.0205445725649
10.8593089839,41.264743242,-0.875999,0.689999,23.439,-1.76294213646,-0.523084418866,-2.94966155443,1.98866073045,nan
10.8306942609,41.2616197629,-0.288,0.462,23.244,-0.764122140178,-0.189198403568,-2.2235387102,1.0675381914,nan
10.8064844233,41.267495735,-0.126999,0.720999,23.824,-0.797909374423,-0.196614214805,-2.08028416697,1.50428357187,0.0215172621387
10.825787634,41.2510218093,-0.291,0.392,23.159,-0.706754504625,-0.176632143413,-2.17318377012,0.932184166847,0.0234132702663
10.8105709815,41.2665701118,-0.823,0.299999,23.709,-1.27430075007,-0.31725073035,-1.70288555869,1.01188519248,0.00840576738193
10.8645272379,41.2648941944,-1.47,0.361,23.232,-2.62349375816,-1.31679852719,-3.75430578685,2.5863061378,nan
10.8078067204,41.2643043225,-0.634001,0.445,23.791,-1.16860096032,-0.286179926469,-1.80765475066,1.19865511687,0.0114711476468
10.8416762715,41.263206228,-0.209999,0.470999,23.307,-0.679064201814,-0.1705476969,-2.14471630319,1.05171550973,0.0233313308892
10.8266398916,41.2567957829,-0.162001,0.761002,23.53,-0.874609870253,-0.21364330236,-2.46777782036,1.59777850701,nan
10.8097293478,41.2653669494,-0.784,-0.108,23.757,-0.858622649418,-0.210061627063,-0.810314498432,0.167314467914,0.0198178105345
10.8319425831,41.2592185115,-0.625,0.526999,23.314,-1.23311396215,-0.304726854344,-2.44948504404,1.36348422007,nan
10.8759850377,41.2637993538,-0.119999,0.0379982,23.196,-0.178193955094,-0.0415958905768,-1.33448296931,0.130482114819,0.0288223878731
10.8516359418,41.2340245236,-0.0420017,0.641001,23.554,-0.626915759898,-0.158993785389,-2.15746559316,1.31146644766,0.0241383618194
10.8106709979,41.2665741718,-0.802999,0.0119991,23.772,-0.986942432556,-0.239582015533,-1.04042874871,0.412428107839,0.0168610826416
10.8273162744,41.2431362386,-0.18,0.662001,23.562,-0.809667610947,-0.199203506474,-2.24980982797,1.41181010263,nan
10.8105583224,41.2665020934,-1.379,0.232,23.84,-2.0973937661,-0.750556541801,-2.17074885192,1.61074900451,nan
10.8693226002,41.2656045631,-0.526001,0.312,23.485,-0.917421379644,-0.223350500857,-1.7926236118,0.877624222156,0.0183537211563
10.8420016444,41.2603930753,-0.519999,0.207998,23.307,-0.819272937061,-0.201323194767,-1.7640195976,0.671018804138,0.0209187717662
10.8388008676,41.2682054157,-0.108,0.804998,23.352,-0.848509316938,-0.207806096197,-2.70833595327,1.6603352361,nan
10.8295294646,41.2553916197,-0.605,0.456999,23.48,-1.1432897484,-0.27922769009,-2.12692917115,1.20692871338,nan
10.8480756021,41.2700053637,-1.117,-0.00300026,23.353,-1.36966699171,-0.348575396714,-1.61351597768,0.566516618549,0.00552405513605
10.8106782153,41.266692519,-0.646999,0.171999,23.983,-0.939832076329,-0.228512137789,-1.07357579746,0.656575599099,0.0178541982981
10.8407188944,41.261056208,-0.188,0.586,23.545,-0.753003802698,-0.186762981681,-2.12182520926,1.26682528555,0.0224062746751
10.8574152934,41.2493919748,-0.508999,0.272999,23.526,-0.862883844264,-0.211014270416,-1.66746499674,0.793464065951,0.0196939236094
10.8106419646,41.2642817063,-0.833,0.0709991,23.994,-1.07615634126,-0.261568694125,-0.951193698525,0.545193179726,0.014204270041
10.8385150595,41.2627088561,-0.188002,0.960001,23.964,-1.08229873644,-0.26314078685,-2.44114975493,2.00515045684,nan
10.8268541089,41.2488327126,-0.498999,0.605999,23.692,-1.14695910404,-0.280224957443,-2.16082671271,1.45282614814,nan
10.8393940761,41.2658531424,-0.596001,0.601999,23.792,-1.26629586056,-0.314772164238,-2.1109041947,1.5029040116,nan
10.8556693042,41.2508081991,-0.561001,0.242001,23.471,-0.898005614603,-0.218925254882,-1.6846154511,0.755616122485,0.0188182111741
10.8385531132,41.2661836035,-0.517,0.809999,23.841,-1.36220492747,-0.345998033509,-2.45407826468,1.89507786795,nan
10.8308819718,41.250315812,-0.927,0.482,23.607,-1.6023505445,-0.441685308736,-2.30723843542,1.51423878637,nan
10.846596896,41.2520116799,-0.108002,0.536001,23.922,-0.614039624775,-0.156113432744,-1.61261327595,1.13461416096,0.0241342329805
10.8383233164,41.2670408529,-0.176001,0.411001,23.593,-0.586027577594,-0.149798030712,-1.7263425981,0.919343010092,0.024684910215
10.8560616279,41.2555724163,-1.094,0.0979996,23.534,-1.43877927586,-0.373559714341,-1.6390476149,0.773048011631,0.00347833229229
10.8629246828,41.2453727868,-0.323999,0.275999,23.594,-0.644983485321,-0.1630150318,-1.52569538489,0.719695247564,0.0239960393478
10.8322888155,41.2600020033,-0.515999,0.566999,23.657,-1.1326075466,-0.276344310822,-2.12553114354,1.38253073155,nan
10.8338860966,41.2471752202,-0.323,0.273001,23.639,-0.641173072483,-0.162168794357,-1.47439270287,0.713392641837,0.0240465414272
10.8468821965,41.2730715094,-0.471001,0.441999,23.924,-0.965650171712,-0.234539118832,-1.58507981076,1.10907959714,0.0172131278463
10.8346186203,41.2621975338,-0.187,0.553001,23.62,-0.723087489259,-0.180212051139,-1.98198843117,1.20198927041,0.0222944417098
10.8179720024,41.2484973602,-0.435999,0.874001,23.806,-1.31690190506,-0.330821923651,-2.56911905228,1.97511880814,nan
10.8585599674,41.2482235539,-0.448999,0.539,23.851,-1.02497824032,-0.24877418601,-1.84043253425,1.2914323664,0.015732453633
10.8374101278,41.2697612271,-0.587,0.560999,23.633,-1.21636429556,-0.299790961056,-2.17813152685,1.41113094702,nan
10.8382180366,41.2550237985,-0.933001,-0.0900002,23.52,-1.05442278888,-0.256070907798,-1.15224668193,0.272247139689,0.0151080622854
10.8274622282,41.25275286,-0.871,0.9,23.958,-2.05062180246,-0.713384064547,-3.08689110063,2.64489128373,nan
10.867580663,41.2477731751,-0.209,-0.550001,23.571,0.324995251069,0.18035060394,0.368297093621,-1.19729794811,nan
10.8301720537,41.2629257313,-0.202999,0.525,23.751,-0.717759395731,-0.179044711631,-1.80317158237,1.15417103305,0.0223080908248
10.8177811398,41.2485086597,-0.188999,0.826,23.848,-0.964152406204,-0.234186939761,-2.2900121541,1.73801172686,nan
10.829773904,41.2521214377,-0.132999,0.41,23.722,-0.533465731888,-0.137723134988,-1.57590640645,0.897906528524,0.0255021148801
10.8350477646,41.2560689,-1.55,-0.197001,23.608,-1.80672460941,-0.548127133889,-1.36761762517,0.575617426802,nan
10.8493767047,41.2708530251,-0.337,0.219,23.649,-0.610718241891,-0.155368282416,-1.36471810279,0.613718270635,0.0244066126406
10.875762334,41.2645564555,-0.0790005,0.144001,23.642,-0.225550978994,-0.0564380257516,-1.08658838005,0.328588578413,0.0284228384341
10.8170080635,41.247576061,-0.752001,0.0600014,23.606,-0.967707438196,-0.235023389002,-1.27764625103,0.4836471513,0.017308160524
10.8765759628,41.265880515,-1.142,-0.175999,23.679,-1.23695654113,-0.305871712597,-0.933905743627,0.212906598119,0.00957530069059
10.8469376257,41.2434936229,-0.254,0.238998,23.807,-0.528610550542,-0.136590404582,-1.20872016668,0.615719373226,0.0255840016449
10.8747700182,41.2646182229,-0.104,0.26,23.843,-0.364158141196,-0.0958213188367,-1.14031360067,0.583314012653,0.0268929047625
10.869979377,41.2681775427,-0.242001,0.247,23.864,-0.521191405914,-0.134853182962,-1.16198807885,0.625988399283,0.0256876644488
10.8215763401,41.2498922812,-0.144001,0.658001,23.974,-0.763296453041,-0.189017489014,-1.81455388079,1.38855481157,0.0214793476631
10.8410477402,41.2667520829,-0.210999,0.549,23.904,-0.748176866893,-0.185706003667,-1.70043639277,1.20443572138,0.0220139031955
10.8278056696,41.2598304821,-0.539999,0.146999,23.807,-0.7899522198,-0.194864898916,-1.15343400337,0.560433209912,0.0217817256515
10.8288316982,41.2624848302,-0.756001,0.225,23.753,-1.12011972526,-0.273010192384,-1.46341051741,0.81641077681,0.0132487071028
10.8329695161,41.268751176,-0.066,0.456999,23.879,-0.494030670794,-0.128424310559,-1.48071034833,0.959710058414,0.0259517843993
10.8305058235,41.2618253778,-0.415001,0.428001,23.936,-0.886015949167,-0.216211983007,-1.5200866954,1.05608751937,0.0191705108725
10.8416881742,41.2462980001,-0.171,0.300999,23.9,-0.483046048605,-0.12579139789,-1.19965625956,0.699655878089,0.0260406157721
10.8388187795,41.2681768065,-0.318001,0.568001,23.641,-0.892437218021,-0.217663374668,-2.04697329843,1.28797404611,0.0191207483221
10.8697995195,41.2550974435,-0.368999,0.118,23.9,-0.56054966884,-0.143985652128,-0.929485107118,0.429484725648,0.0251285478273
10.8412050061,41.2395174308,-0.385,0.347,23.995,-0.779506698622,-0.192571506947,-1.28954281489,0.884543654127,0.0218368965156
10.8605195107,41.2503227263,-0.231001,0.228001,23.951,-0.491085382123,-0.127720287228,-1.03214884883,0.583149062454,0.0259943730511
10.8417494823,41.2414381757,-0.58,0.154999,23.893,-0.844633154625,-0.206943532049,-1.10034840234,0.593348051387,0.0199606971433
10.8420267852,41.2604237846,-0.539,-0.00500107,23.845,-0.656377320244,-0.165540160664,-0.818179526889,0.263178840243,0.0239036026698
10.8400791138,41.2653305856,-1.197,0.582001,23.899,-2.32305986162,-0.958125295444,-3.02579659915,2.52479676699,nan
10.8388394422,41.2681237177,-0.194,0.414999,23.792,-0.611082702617,-0.155450094222,-1.54316264606,0.935162462952,0.0243674008591
10.8388290809,41.2681472072,-0.229,0.442999,23.848,-0.677310816421,-0.170161522343,-1.55718142471,1.00518099746,0.0235624144069
10.7737184719,41.2661917435,-0.0739994,0.952999,17.727,-0.93745621644,-0.227961994954,-8.60900253674,1.93600181958,nan
10.803124451,41.2737581135,-1.202,0.757,18.954,-2.62366455294,-1.31703209488,-8.63358896337,3.18758943639,nan
10.7740241449,41.2662336403,-0.0229988,0.795,18.484,-0.738488716919,-0.183584774231,-7.52023820756,1.60423745988,nan
10.8147229308,41.2591211592,-1.39,1.251,21.093,-2.62338914383,-1.31665548109,-6.07244319077,2.76544360276,nan
10.8041858528,41.2883989142,-0.549,0.400999,19.837,-1.0238839544,-0.248506183021,-5.62776281539,1.06476270858,nan
10.8089992381,41.2822017665,-0.764,2.124,22.361,-2.61796032772,-1.30925061487,-6.19586179715,4.15686185819,nan
10.8214750173,41.2524221002,-0.74,0.0499992,20.698,-0.944409069972,-0.229574019219,-4.16031685935,0.458316813573,nan
10.8117127033,41.2686708976,-1.295,0.0410004,20.934,-1.67250184132,-0.475313707028,-4.31241649825,0.846416513506,nan
10.8238424102,41.2704965467,-0.209,1.577,23.097,-1.73215337325,-0.50623751298,-4.71814279151,3.41514291359,nan
10.8040823713,41.2547626516,-0.716002,0.285,21.575,-1.12492356716,-0.274288167144,-3.74186483469,0.916865597632,nan
10.8206207342,41.2661171926,-0.530001,0.434,21.839,-1.03013493151,-0.250040095426,-3.68237652873,1.12137723063,nan
10.8137210523,41.2607152292,-1.225,0.140999,21.703,-1.67741561928,-0.477777972554,-3.71138910286,1.01438821785,nan
10.8166338568,41.27182838,-0.519001,0.197001,21.704,-0.808495725425,-0.198945187469,-3.34509082371,0.649091296737,nan
10.7832069639,41.2604003337,-0.656,0.865999,22.678,-1.61711177112,-0.448525658492,-3.87695932369,2.15495882015,nan
10.7978273574,41.2575547574,-0.0360012,1.413,23.089,-1.30915139316,-0.328303961586,-4.16559613153,2.85459683344,nan
10.818424473,41.2746819022,-0.129,0.601999,21.827,-0.696677161426,-0.174420549717,-3.84581973332,1.27281939763,nan
10.804957755,41.260998035,-0.768,0.122,22.049,-1.04219454382,-0.253020182746,-2.96578697321,0.614786759584,nan
10.8143207781,41.2762497893,-0.0680008,1.391,23.246,-1.33007363916,-0.335152695996,-3.98375945381,2.82975974373,nan
10.8249017,41.2788978016,-0.467999,0.136,21.866,-0.694633286377,-0.173971658686,-3.04215051304,0.508149734839,nan
10.8237447667,41.2770200943,-0.281,1.036,22.733,-1.26928912508,-0.315696402636,-3.88289478973,2.21589459136,nan
10.818632599,41.2842190808,-0.830999,0.187,21.965,-1.17911260011,-0.289118711189,-3.21552277503,0.780522927618,nan
10.7955617607,41.2729918488,-0.816,0.299,22.072,-1.26431095922,-0.314160963477,-3.3331810536,1.00518155714,nan
10.8144030116,41.2476940148,-0.139,0.195,21.939,-0.348594313242,-0.0916652565409,-2.9309433672,0.469942543221,nan
10.8138535379,41.2696440064,-0.237999,0.59,22.417,-0.816053228334,-0.200612184225,-3.27908598116,1.29608579805,nan
10.8055960837,41.2518685975,-0.191,0.353998,22.137,-0.553998168751,-0.14247915267,-3.07689814332,0.813897273565,nan
10.8277502485,41.2735743603,-0.903,0.116999,22.039,-1.20540835008,-0.29660932754,-3.03904634419,0.67804590168,nan
10.8025610758,41.2574663241,-0.768,0.830999,22.786,-1.75468801093,-0.518507129527,-3.82630644603,2.21230574412,nan
10.8008722084,41.2799300566,-0.997002,0.0150013,22.002,-1.23012036704,-0.30383820669,-2.92068690225,0.522687710963,nan
10.787331318,41.2725075371,-0.809999,-0.0580006,21.975,-0.933617565959,-0.227074647558,-2.70217024637,0.277170627841,nan
10.7986087324,41.279628184,-0.966,0.470999,22.352,-1.64965569662,-0.464046565432,-3.58086191301,1.53286119585,nan
10.8339376052,41.2797982755,-0.354,1.073,22.959,-1.40164806331,-0.359881800866,-3.78998684996,2.34898648375,nan
10.7917822351,41.2705282944,-0.818001,0.448,22.256,-1.41121632953,-0.363348648929,-3.4740791585,1.3300796773,nan
10.7965280977,41.255403937,-1.459,-0.0879993,22.125,-1.78709402973,-0.536738315892,-3.01063765905,0.73563765905,nan
10.7857029192,41.2612756234,-0.990999,0.0149994,22.094,-1.22246427736,-0.301578376918,-2.82498008252,0.518979945191,nan
10.8122302221,41.2669880395,-0.201,0.979,23.074,-1.11551213123,-0.271789750916,-3.37647574668,2.05047515159,nan
10.8299356187,41.2697400809,-0.678999,0.289999,22.185,-1.08368623154,-0.263497053441,-3.12237112688,0.907370592819,nan
10.8165181795,41.2805242463,-0.594,0.198,22.154,-0.898998444172,-0.219150572044,-2.92985399314,0.683853321751,nan
10.8007544752,41.2599493766,-1.005,0.295,22.358,-1.51614427981,-0.404099750204,-3.18806548771,1.14606528934,nan
10.8214099235,41.2568974832,-1.295,0.150002,22.214,-1.80446815106,-0.546804585353,-3.32830439848,1.14230510038,nan
10.829399546,41.2712396374,-0.0100002,0.939001,22.704,-0.848480842614,-0.207799756036,-3.57600090306,1.88000137608,nan
10.7960860217,41.2584188959,-0.549,0.452999,22.299,-1.07037854583,-0.260097394576,-3.27001088504,1.16901067142,nan
10.7927493535,41.2578851833,-0.932001,0.0600014,22.169,-1.18938037471,-0.292019588814,-2.80808291882,0.577083544435,nan
10.8249335186,41.2784505593,-0.6,0.355,22.358,-1.04507619153,-0.253736431169,-3.03992802362,0.997927825254,nan
10.8475745291,41.2618248962,-0.0200005,1.545,23.455,-1.41676930888,-0.36537884564,-4.07676880078,3.13176872448,nan
10.7987519737,41.2635218703,-0.517,0.275,22.296,-0.874203515086,-0.213552002996,-2.90490477061,0.800904297583,nan
10.8045684627,41.2576903495,-0.771,0.171,22.295,-1.0898401038,-0.265082354559,-2.81988825409,0.714888330387,nan
10.8102994341,41.2695118449,-1.051,0.311001,22.635,-1.60080759997,-0.440977366559,-2.99775090314,1.23275113202,nan
10.8032798064,41.2722379721,-0.0979996,1.39,23.52,-1.36898196569,-0.348337850286,-3.72973584926,2.84973630702,nan
10.8214760972,41.2631721152,-0.397001,1.19,23.304,-1.58386716405,-0.43329138863,-3.757133445,2.66113429949,nan
10.822895513,41.2731764787,-0.778,-0.052,22.301,-0.900453073798,-0.219480874207,-2.37355814004,0.274558735132,nan
10.8290109023,41.2779290189,-0.515999,0.324999,22.508,-0.916822947165,-0.223213487835,-2.79070933955,0.898708759715,nan
10.8072215136,41.2630679827,-0.622,0.237,22.39,-0.966995550743,-0.234855744305,-2.78353381695,0.773533206597,nan
10.7887903804,41.2611583728,-0.687,0.114,22.336,-0.936937417448,-0.227841960063,-2.62439673864,0.560397181144,nan
10.8192521276,41.2818826765,-0.716,0.252001,22.739,-1.09504982959,-0.266431115173,-2.51088807938,0.849888399817,nan
10.8051387244,41.2591433267,-0.678999,0.233,22.46,-1.03261965459,-0.250651838587,-2.73287245688,0.79287154135,nan
10.8295621115,41.276801996,-0.300001,0.754002,22.943,-1.03497600106,-0.251233051979,-3.1049248941,1.64792568756,nan
10.8130256587,41.2699022164,-0.429001,0.545,23.646,-1.00598890589,-0.244153985031,-2.04769527405,1.2936951825,0.016393034595
10.8010546408,41.264894726,-1.017,0.00600052,22.475,-1.24729400085,-0.308975309711,-2.44135343576,0.51635381723,nan
10.7993794869,41.2581915324,-0.765001,0.073,22.412,-0.994943796636,-0.241495392817,-2.50356548656,0.515566142689,nan
10.8321113316,41.2770918384,-0.445,0.198,22.598,-0.72123113892,-0.179805384113,-2.42135344091,0.619353013667,nan
10.8015392424,41.2638828507,-0.865999,-0.00799942,22.653,-1.04580117194,-0.253916885595,-2.15014350802,0.403143385949,nan
10.798539379,41.2631184353,-0.588999,0.212999,22.567,-0.906153603454,-0.220777412694,-2.54411000157,0.711109436993,nan
10.8253106423,41.2751533447,-0.834,0.0550003,22.545,-1.06302002346,-0.258233860069,-2.36849855525,0.513498631548,nan
10.7697162111,41.2798368457,-0.973,-0.235001,23.188,-0.974123403885,-0.236537688804,-1.2145200754,0.00251980074208,0.0170129142103
10.8151203281,41.2607341661,-0.720999,0.177,22.602,-1.03390755782,-0.25096938069,-2.49958994088,0.701589223716,nan
10.8055635426,41.2552627051,-0.588999,0.757,23.143,-1.40702504353,-0.361825169244,-3.09113992263,1.83413957168,nan
10.8184498765,41.2746225838,-0.183001,0.604,22.441,-0.76272127991,-0.18889146978,-3.25882224695,1.29982223169,nan
10.8227880129,41.2772368209,-0.575998,0.585999,22.991,-1.22562942352,-0.302510392019,-2.86557278996,1.45657201176,nan
10.7951816286,41.257373714,-0.458,0.625999,22.921,-1.11415431016,-0.271431081834,-2.95019806731,1.47119759429,nan
10.8062653739,41.2621311881,-0.614,0.538,22.78,-1.22933911089,-0.303606759059,-2.99968270003,1.37968338667,nan
10.8054808765,41.2815293865,-0.275,0.829,23.302,-1.07149905892,-0.260382169668,-2.88387313896,1.78587318474,nan
10.8020192682,41.2575163622,-0.635,0.239,22.923,-0.984486665686,-0.238996824074,-2.26060154055,0.783601876243,nan
10.8115073166,41.2835312664,-0.157,1.025,23.622,-1.10267818382,-0.268417295014,-2.89835585537,2.12035559598,nan
10.8219660058,41.2839993554,-0.414999,0.886,23.498,-1.30088944348,-0.325644189347,-2.88830223316,1.98630142445,nan
10.8259651471,41.2789888979,-0.551001,0.111,22.715,-0.771705138783,-0.190860413519,-2.17985308439,0.494853236974,nan
10.7913983025,41.279028969,-0.142,0.493,22.801,-0.617099188757,-0.15679903706,-2.66424377799,1.06524437308,nan
10.8147817395,41.2712848922,-0.195,1.399,23.906,-1.51211708601,-0.402438416513,-3.44717786982,2.95317800715,nan
10.8086645886,41.253727674,-1.064,0.0229988,22.8,-1.32451980825,-0.333318646814,-2.18412774102,0.584126978079,nan
10.8057288834,41.2559723388,-0.438,0.085001,22.68,-0.614339021807,-0.156180557156,-2.11537928331,0.395379588488,0.0243328587265
10.8071328093,41.2874436344,-0.743999,0.0979996,22.758,-0.991642223776,-0.240704626732,-2.19725336588,0.555252786042,nan
10.7980992822,41.2590788427,-0.684999,0.0759983,23.092,-0.901154920714,-0.219640320208,-1.79265443208,0.484653486036,0.0187635980783
10.8098044176,41.2737815527,-0.634001,0.110001,22.753,-0.869851142566,-0.212575000107,-2.17581221676,0.528812476161,nan
10.8036128553,41.263769638,-0.576,0.682999,23.053,-1.31736257692,-0.330972288085,-3.00924795487,1.66224745133,nan
10.8195307263,41.2641800453,-0.133999,0.479,23.008,-0.595272957275,-0.151890475082,-2.42624741038,1.03424683055,nan
10.821063415,41.2642887634,-0.49,0.764,23.255,-1.28240464057,-0.3197825058,-2.92169337163,1.7766925324,nan
10.7934488322,41.2648172338,-0.357,0.226,22.907,-0.640738236907,-0.162072164333,-2.12918401278,0.636183600797,0.0238719038124
10.8421384364,41.2679667195,-0.521,0.700001,23.083,-1.26197770351,-0.313444203403,-2.97838500762,1.66138519072,nan
10.8059966338,41.2859116118,-0.327999,0.338999,23.011,-0.70466652535,-0.176174120958,-2.23354608357,0.844545763138,nan
10.8417161398,41.271281855,-1.479,0.292999,23.066,-2.62372942857,-1.31712082386,-3.90065772158,2.56665770633,nan
10.7972085056,41.2806829017,-0.488001,0.0779991,22.83,-0.66793077481,-0.168093356055,-1.9734303567,0.403430280402,0.0233007105933
10.8019348883,41.2576694989,-0.606001,0.336,23.208,-1.03543877475,-0.251347323037,-2.15486500631,0.962865189414,nan
10.7848712257,41.2603302945,-0.313,0.128,22.962,-0.501844663122,-0.130285417833,-1.86141924982,0.423419143004,0.0258427698523
10.8006645401,41.2804130939,-0.281,1.084,23.618,-1.31498709328,-0.330197772328,-3.10035637295,2.31835640347,nan
10.8172061496,41.2790193142,-0.544001,0.574001,23.468,-1.17402615945,-0.287692803527,-2.34461289257,1.41261330456,nan
10.8269083835,41.2692510048,-1.597,-0.134001,23.057,-1.98449501213,-0.663982578504,-2.21182341691,0.868822623452,nan
10.8416095086,41.2732773146,-0.226,0.42,23.081,-0.653679481694,-0.164942942136,-2.27792360664,0.958922981032,nan
10.7788720272,41.2583197339,-0.0690002,0.886,23.485,-0.87268547051,-0.213211056052,-2.71698420214,1.80198481249,nan
10.7857576724,41.2712187605,-0.472,0.251999,23.039,-0.800403779276,-0.197163051313,-2.09733151247,0.736331069967,0.0215177193319
10.792843689,41.2759429756,-0.515999,0.158998,23.074,-0.77181491388,-0.190884481167,-1.89957923533,0.573578640241,0.0213632322493
10.826292553,41.2729517112,-1.559,-0.052,23.104,-2.03229008185,-0.69932502474,-2.35718839855,1.0611884901,nan
10.824088172,41.2715423733,-0.757,0.164001,23.068,-1.06632771505,-0.259070115411,-2.02555917417,0.69355996763,0.0146752427944
10.8175104731,41.2523117031,-0.774,0.190001,23.079,-1.1107112481,-0.270523589158,-2.07595710602,0.754957579042,0.0132723366474
10.8063043365,41.2615872497,-0.869999,-0.0760002,22.997,-0.990163653674,-0.240351066294,-1.67242788673,0.269427627329,0.0165814002262
10.8261893233,41.2662640181,-0.931,0.528,23.285,-1.66005294004,-0.469135643039,-2.74964854762,1.63464839503,nan
10.8047962446,41.2500612639,-0.546001,-0.0100002,22.926,-0.660369721476,-0.166423222517,-1.73043054201,0.256431137106,0.0233251300268
10.8235678449,41.2831351521,-0.784,-0.0849991,23.013,-0.87873684879,-0.214571361956,-1.59941308136,0.212413569644,0.0192644705063
10.8149374809,41.2688192807,-0.304998,0.560999,23.661,-0.870741021087,-0.212774626398,-2.00748191998,1.26848121807,0.0197575003974
10.8223287968,41.2823290426,-0.0580006,0.896999,23.764,-0.869147802411,-0.212417266608,-2.45471584094,1.8187157799,nan
10.8016074272,41.2625310954,-0.0750008,0.597,23.349,-0.62790531035,-0.159214617661,-2.29069536386,1.23969629464,nan
10.8231352213,41.2706345373,-0.338999,0.286999,23.182,-0.672470458622,-0.169094782791,-1.96569510751,0.74769431405,0.0232139275486
10.8123189065,41.2677704831,-0.161999,0.921999,23.723,-1.0164910726,-0.24670128586,-2.59290249859,1.91590207135,nan
10.8167980665,41.2799031621,-0.394001,0.864,23.606,-1.25284924699,-0.310657586163,-2.71966779907,1.92566869934,nan
10.7853992282,41.2611855485,-0.687,0.489,23.257,-1.27713403018,-0.318133291377,-2.46616988595,1.32316985543,nan
10.785491486,41.2608342599,-0.407,0.875,23.713,-1.28001408508,-0.319033280747,-2.64443226391,1.95743160778,nan
10.7808569449,41.2613777403,-0.073,0.337,23.232,-0.395433052674,-0.103996048638,-1.89094381598,0.722944166929,0.0266340628354
10.7941184776,41.2843795608,-0.282999,0.858,23.567,-1.10749897734,-0.269679486637,-2.68165513551,1.84865457094,nan
10.7961618258,41.2523781888,-0.526001,-0.0450001,23.075,-0.60590580512,-0.154286949433,-1.50415804548,0.179158808424,0.024444376783
10.8014809449,41.2668899257,-0.91,0.181,23.194,-1.27429261546,-0.317248200435,-2.02279968421,0.816799928352,nan
10.7927252692,41.2556067906,-0.467999,0.243999,23.123,-0.788666615951,-0.194582464765,-1.99598760538,0.718986796665,0.021099823389
10.7995206904,41.2593251191,-0.636,0.233,23.213,-0.980385939482,-0.238021764618,-1.95916715818,0.772166502055,0.0169615424247
10.8219967054,41.2523363343,-0.702,0.123999,23.157,-0.963830935502,-0.234111392626,-1.83006604247,0.587065630482,0.0174133011664
10.8132439545,41.2747400535,-0.365999,0.513,23.535,-0.90176993313,-0.219780081025,-2.0662797744,1.20127962181,0.0188747909151
10.8207176163,41.2635602671,-0.129,0.870001,23.787,-0.93061766882,-0.226382467559,-2.41034902714,1.79734968327,nan
10.7991993785,41.2615955451,-0.244001,0.664001,23.381,-0.887874062988,-0.216631565218,-2.46266018622,1.44366070502,nan
10.807056678,41.2803064493,-0.983999,-0.346001,23.094,-0.889715629472,-0.217047734309,-1.09460187982,-0.211398257505,0.0192107335283
10.8237812485,41.2730865694,-0.459002,0.192001,23.231,-0.732680571956,-0.182313026732,-1.78262921367,0.613630113943,0.0220251414189
10.8301986286,41.2708580037,-0.209,0.712999,23.685,-0.888859836297,-0.216854296329,-2.2393507639,1.52435022984,nan
10.8118640845,41.2512692584,-0.144001,0.511,23.43,-0.635218144161,-0.160844386846,-2.07138341025,1.10138371543,0.023945879538
10.8449964334,41.2661014316,-0.705,0.052,23.87,-0.904098444183,-0.220309589854,-0.976408399505,0.446409238738,0.0187475393291
10.8164517955,41.2776638498,-0.789,0.513,23.691,-1.43660905562,-0.37274344413,-2.16103924872,1.45203923346,nan
10.7767911702,41.2590576905,-0.121,0.74,23.381,-0.807317786601,-0.198685594301,-2.5578279491,1.5388284679,nan
10.8273981873,41.272120185,-0.756001,0.451,23.356,-1.33102480315,-0.33546797798,-2.33329121711,1.28929211738,nan
10.8186357675,41.2777088662,-0.0540009,0.77,23.743,-0.753637566331,-0.186901771433,-2.22569214849,1.56869217901,nan
10.8412993313,41.2665317916,-0.00200081,1.233,23.778,-1.09907014427,-0.267476195417,-3.08179683855,2.45979671648,nan
10.795648352,41.2576024569,-0.705,0.0400009,23.229,-0.893579638413,-0.217922012659,-1.59382438088,0.422824472437,0.0189683748372
10.8024199512,41.2563632561,-0.934999,-0.0300007,23.269,-1.11089196966,-0.270571151373,-1.5253787113,0.394377811028,0.0133552407644
10.7905520078,41.2597526965,-0.152,0.197001,23.308,-0.366561759292,-0.096457820558,-1.57307865526,0.481079219833,0.0268605519754
10.8188903666,41.269927356,-0.434,0.472,23.476,-0.947475505554,-0.23028698349,-2.07529050483,1.15129033698,0.0177139962272
10.8187852397,41.2621122107,-0.462,0.575001,23.551,-1.07308267045,-0.260785098338,-2.2191401611,1.37014075619,nan
10.8220421959,41.2751816158,-0.594,0.206001,23.266,-0.90601497247,-0.220745841529,-1.8335847003,0.69958544798,0.0186612654847
10.8363153596,41.2760922234,-0.385,0.856001,23.795,-1.23381618566,-0.304935722235,-2.5081747147,1.90317479099,nan
10.8137495635,41.2866669398,-0.654999,0.346998,23.394,-1.10549754108,-0.269154800278,-2.0160878101,1.01008690984,0.0132173119951
10.8027154824,41.258796942,-0.541,0.434,23.777,-1.04356182251,-0.253359824068,-1.74981898149,1.12681940873,0.0152810636346
10.7960922606,41.2623861178,-0.136,0.248999,23.38,-0.393778902448,-0.103569353455,-1.5979811596,0.577980320365,0.0266484707664
10.8275433684,41.2662443783,-0.261,0.268999,23.341,-0.563436666386,-0.14464790018,-1.73711023265,0.67810983592,0.0250457985767
10.7990424977,41.2590605382,-0.361,0.354,23.409,-0.757020895955,-0.187642754414,-1.87893869502,0.887939091749,0.0216245196492
10.8218668069,41.2749362627,-0.494999,0.412998,23.46,-0.969025392146,-0.235333954706,-2.00284051253,1.062839597,0.0172074994969
10.8009781957,41.2625740271,-0.366999,0.18,23.31,-0.612493948177,-0.155766775927,-1.64043837193,0.550437837873,0.0241598080443
10.8235409726,41.280278894,-0.455999,0.525999,23.563,-1.02192695112,-0.248027437072,-2.1058961866,1.26889591194,0.0160481452182
10.8137603334,41.2678126474,-0.352001,0.304001,23.454,-0.702776790941,-0.175759496316,-1.73249190535,0.786492378375,0.0225493421487
10.8212631208,41.2840421399,-0.573,0.559,23.622,-1.19675876267,-0.294123018714,-2.17656261017,1.39856235078,nan
10.8424988738,41.2669121207,-0.234001,0.714001,23.78,-0.919729912539,-0.223879430947,-2.15750772786,1.53750841451,nan
10.8026814347,41.2571210242,-0.329,1.013,23.754,-1.30985943119,-0.328533064371,-2.84523562213,2.19923533222,nan
10.804334393,41.2524114117,-1.614,-0.258999,23.447,-1.8399223502,-0.567995368956,-1.4595511327,0.50655163624,nan
10.7829687301,41.2630875689,-0.101,-0.424999,23.326,0.354501053372,0.197995247627,-0.0526973524636,-1.02130243391,nan
10.8202471095,41.2634166508,-0.512001,0.546,23.725,-1.10859266815,-0.269966604502,-2.0126490144,1.33764939587,0.0131265218385
10.8219829442,41.2772492305,-0.230999,0.778999,23.674,-0.973377424507,-0.236361306517,-2.39052584498,1.66452563136,nan
10.8083756036,41.2849485535,-0.967001,0.746,23.815,-2.01333387646,-0.68508284516,-2.9310373923,2.34603792636,nan
10.8219976599,41.2737094697,-0.545,0.233999,23.581,-0.871837629659,-0.213020719772,-1.55182025199,0.73281962638,0.0194356881173
10.8048280186,41.2528797734,-1.528,-0.203999,23.79,-1.76017501716,-0.521544914213,-1.13056686896,0.52056778449,nan
10.7989377226,41.2637824523,-0.0859985,0.431,23.505,-0.495229247659,-0.128710411465,-1.81255849059,0.917557651352,0.0258972277324
10.8151064661,41.2704661847,-0.426001,0.83,23.787,-1.26204120078,-0.313463684963,-2.48752984989,1.87453050601,nan
10.7922567009,41.259959254,-0.0100002,0.965,23.921,-0.871203184752,-0.212878329657,-2.40994880457,1.93094833155,nan
10.7914644968,41.2588179419,-1.154,0.542,23.762,-2.10150314333,-0.753913472297,-2.76244888482,2.12444801507,nan
10.8176814907,41.278273238,-0.610998,0.445999,23.717,-1.1407410153,-0.278537055356,-1.87076520976,1.18776426371,0.0120861375325
10.8194616672,41.2816288194,-0.288,0.487,23.97,-0.785891455592,-0.193972960829,-1.5463490023,1.11634831565,0.0219257348424
10.8332436162,41.2710443519,-0.0330009,0.617001,23.892,-0.595154124599,-0.151863632987,-1.76843293741,1.26043313577,0.0245375012983
10.8111821913,41.2816911764,-1.398,0.808001,23.886,-2.62516771416,-1.31908925523,-3.26550010595,2.75149978552,nan
10.7980526811,41.283686703,-0.716999,-0.073,23.369,-0.809196545301,-0.199099662119,-1.23772135141,0.206720832615,0.0212198784634
10.8040262744,41.2640469608,-0.431999,0.158001,23.427,-0.67090146499,-0.168748779634,-1.50865524222,0.535655287999,0.0237422461345
10.7986759872,41.2806345289,-0.441,0.890999,23.872,-1.33988855576,-0.33842274783,-2.54344548589,2.01544522649,nan
10.8216852171,41.2760153038,-0.577,-0.24,23.477,-0.495715546175,-0.128826425691,-0.740749331218,-0.182251385946,0.0259783554995
10.7980595397,41.2761311825,-1.481,-0.601999,23.472,-1.27236887293,-0.316650545897,-0.460215063274,-0.467784814656,0.00856465137348
10.8187137615,41.2837312684,-0.194,0.574001,23.856,-0.7497026523,-0.186040098007,-1.78996862475,1.24596952502,0.0217167992956
10.7989319789,41.2528652945,-0.692999,-0.0529995,23.539,-0.798020270837,-0.196638610102,-1.09647439929,0.23547395679,0.0213210117273
10.8138513987,41.2732920121,-0.65,0.966,23.934,-1.72274932606,-0.50121412228,-2.87126838729,2.40526840254,nan
10.7925559618,41.2540184642,-0.602999,-0.241001,23.4,-0.526256721886,-0.136040081848,-0.82793309081,-0.17206729066,0.0256327830506
10.8205035537,41.2709643118,-0.605001,-0.073,23.488,-0.675797052084,-0.169828020422,-1.070733665,0.158734534752,0.0237037992732
10.8102528604,41.2784604279,-0.342001,0.570002,23.825,-0.922992434421,-0.224627991104,-1.87767070145,1.30267146439,0.0182398615632
10.8179302111,41.2712333067,-0.584,0.251001,23.947,-0.933528731498,-0.22705413435,-1.23669702495,0.783697528495,0.0182149914763
10.8129621255,41.2720037699,-0.767,0.237,23.545,-1.14472293391,-0.279616785773,-1.70191188681,0.846911963101,0.0122216547831
10.8095736288,41.2713665535,-0.281,0.490002,23.627,-0.780167925331,-0.192716596604,-1.89220947828,1.119210287,0.0212067733831
10.8232100507,41.2615711781,-0.417,0.745001,23.944,-1.17154450972,-0.286999749607,-2.14780399986,1.691804244,nan
10.8121064959,41.2672602626,-0.574999,0.348,23.748,-1.00837182712,-0.244730276203,-1.62368908569,0.971688276978,0.016179543726
10.8235622286,41.281984581,-0.398001,0.124001,23.576,-0.600595861053,-0.153091463628,-1.27824898792,0.454249201548,0.0245317391332
10.8168503104,41.2780298694,-0.785999,0.199999,23.901,-1.13468469006,-0.276902689474,-1.28080674237,0.781805811582,0.0123804198159
10.8098675393,41.2866572554,-0.323,0.281,23.626,-0.648155033001,-0.163718692389,-1.50304781115,0.729047261833,0.0239740740682
10.8053763578,41.282674162,-0.393,0.195,23.618,-0.65665190348,-0.165600922224,-1.37314852202,0.591148552538,0.0238943280426
10.8132659927,41.2735062349,-0.894999,0.191,23.651,-1.26435582593,-0.314174764282,-1.57715625705,0.828155326268,0.00864246677815
10.8135336083,41.2778863695,-0.249001,0.437,23.836,-0.695917387614,-0.174253697005,-1.56605524875,1.00205569125,0.0233228623251
10.8086069711,41.2837304664,-1.573,0.410999,23.969,-2.62286073336,-1.3159331546,-2.7849480726,2.35394793527,nan
10.8214805127,41.2737793461,-0.57,0.449999,23.734,-1.09352698016,-0.26603622076,-1.8398287417,1.17382799402,0.0138175698279
10.8168379123,41.2543765209,-0.296,0.629,23.824,-0.919549830129,-0.223838148487,-1.97409544521,1.39809485012,0.0184503967136
10.8116065126,41.2509986395,-0.214001,0.189001,23.582,-0.435682842157,-0.114196462712,-1.3150444251,0.497045157518,0.0263464860168
10.7902095905,41.2705228335,-0.172001,-0.158998,23.856,-0.0550014506669,0.0010231584881,-0.281668529456,-0.262330570275,0.0299461554102
10.8311412055,41.2763051079,-0.691,0.139,23.648,-0.963792879099,-0.234102450179,-1.36364254373,0.611643260891,0.01744135593
10.8212535407,41.268831274,-0.727999,0.0259991,23.668,-0.908883630367,-0.221399556518,-1.13757225001,0.405571517593,0.0188383128021
10.8174695473,41.276263501,-0.712,-0.237001,23.727,-0.660402042771,-0.166430368048,-0.55731046959,-0.115690247573,0.0238659799899
10.8295557021,41.2689165399,-0.496,-0.305,23.514,-0.337908588362,-0.0887762290574,-0.53153436248,-0.354465698555,0.0271377853159
10.7954573835,41.2788178661,-1.557,0.293001,23.766,-2.62382622137,-1.3172532148,-3.02598379824,2.39198454592,nan
10.819340093,41.2627172543,-0.591999,0.299,23.765,-0.985536835374,-0.239246955025,-1.51737231757,0.882371707217,0.0168048261399
10.8020198306,41.2619089763,-0.524,0.0109997,23.636,-0.652439364597,-0.164668280115,-1.05198058221,0.287980261772,0.0239385634062
10.8031240489,41.2614942626,-0.559,0.385,23.729,-1.02181698252,-0.248000555932,-1.70870611306,1.03770620461,0.0158163210659
10.7994647935,41.269656474,-0.656,0.0330009,23.596,-0.828878982173,-0.203447698248,-1.19162005696,0.387620728348,0.0206246666566
10.7959460549,41.2778178402,-0.708,-0.352999,23.544,-0.554095741315,-0.142501627036,-0.510922150644,-0.345077223745,0.0252026237382
10.7953130987,41.2674951707,-0.534,0.0410004,23.607,-0.690515075791,-0.173066795735,-1.14392942273,0.350929773683,0.0235633168611
10.7930259054,41.262633492,-0.769999,0.0109997,23.651,-0.94619729997,-0.229989641575,-1.14406539167,0.395064460885,0.0177373382077
10.7985406443,41.2700586715,-0.512001,-0.223999,23.59,-0.430833709914,-0.112985413825,-0.628010323457,-0.181989523955,0.0263968787451
10.8067742766,41.2506382955,-0.591999,0.125,23.688,-0.83277362143,-0.204310507085,-1.25185356496,0.539853290303,0.0206908541082
10.7972448346,41.264504755,-0.593,0.280001,23.747,-0.969944537577,-0.235550695888,-1.49816646027,0.845166200875,0.0171454598916
10.8128937091,41.2686795031,-0.24,0.386999,23.835,-0.641590336092,-0.162261507944,-1.46542819125,0.900427275726,0.0240454896138
10.8101256752,41.2506564694,-0.27,0.25,23.753,-0.557559908682,-0.143298800583,-1.2917518727,0.644752132104,0.0251451760313
10.8028086164,41.2614300171,-0.679998,0.098999,23.654,-0.915334197545,-0.222872810257,-1.27365941515,0.527658743762,0.0184547248973
10.805260327,41.2600125554,-0.0410004,0.318001,23.87,-0.338539753166,-0.0889476954284,-1.19712783107,0.667128670304,0.0271050187126
10.8054027252,41.2625952108,-0.621,0.0559998,23.949,-0.807192705729,-0.198658032583,-0.868472379425,0.417471784332,0.0211978563451
10.8251481469,41.2585828421,-0.525999,0.313,23.771,-0.918296819414,-0.223551009237,-1.50859145971,0.879591368162,0.0185423523973
10.7897272152,41.2553847522,-0.414999,0.243999,23.98,-0.725555481955,-0.180752646609,-1.11631542139,0.696314963623,0.0232049078472
10.7991294363,41.2592057788,-0.296,0.295,23.834,-0.628134944464,-0.159265853453,-1.3106986117,0.744698245486,0.0242037897597
10.8219057614,41.2664794892,-1.241,-0.00300026,23.826,-1.54229923969,-0.415089603413,-1.24955608804,0.675556301662,0.000400848134612
10.8431077172,41.2699403298,-0.18,0.376001,23.898,-0.560114477999,-0.143885739327,-1.35427321293,0.852273930098,0.0251043781924
10.8302880871,41.2670764004,-0.466,0.200001,23.822,-0.747975999767,-0.185662021505,-1.21023356932,0.63223407286,0.0227448301962
10.7888058483,41.2570389066,-0.150999,0.403,23.953,-0.548978155013,-0.14132129323,-1.3393306738,0.892329788787,0.0252689790127
10.8419066141,41.2685245646,-0.559,0.204,23.865,-0.862349649945,-0.210894767244,-1.21515636047,0.680156131584,0.0196091543533
10.8157142399,41.2708620852,-0.559,0.454,23.972,-1.08357582948,-0.263468689922,-1.60417883358,1.17617895565,0.0141133195158
10.7962364725,41.2538685329,-0.730999,-0.0769997,23.771,-0.822403694742,-0.20201506366,-0.833943369181,0.204943277629,0.0209050658661
10.8257594744,41.2643892635,-0.026001,0.43,23.95,-0.421241931686,-0.110575889051,-1.3361897194,0.886190482339,0.0264482720485
10.8025751102,41.2668044284,-0.735001,0.198,23.868,-1.06983675586,-0.259959796364,-1.28275365897,0.750753689489,0.0145123205749
10.7905116878,41.2552468787,-0.267,0.328001,23.958,-0.622313638803,-0.157965790817,-1.23866672371,0.796666906813,0.0242653907263
10.8066341863,41.2622659086,-0.675001,0.0310001,23.797,-0.849816604501,-0.208097240823,-0.994962029993,0.391962915003,0.0200629965462
10.8160015332,41.2829277839,-0.51,0.125999,23.927,-0.735944711078,-0.183027755907,-0.979601932241,0.506601978017,0.0226560087722
10.7993641924,41.2559311886,-0.559,-0.0460014,23.887,-0.644471050828,-0.162901281181,-0.704639962955,0.191639093204,0.0240251925929
10.8431654401,41.2707225345,-0.489,0.00900078,23.955,-0.60887584877,-0.154954540826,-0.713779287809,0.268779211515,0.0244212831884
10.824197318,41.2641820807,-0.372,0.112999,23.921,-0.559761014298,-0.143804573373,-0.899989875932,0.42098940291,0.0251268337673
10.8127293462,41.2654058978,-0.773001,-0.0690002,23.91,-0.879572154971,-0.214759385538,-0.728949564714,0.238949412126,0.0192130000539
10.8087107751,41.2758919743,-0.539,0.0269985,23.935,-0.684273289751,-0.171694252919,-0.790726391134,0.325725857076,0.0234546297662
10.798201235,41.2696174929,-0.563999,-0.012001,23.903,-0.680084421821,-0.1707723379,-0.757280942239,0.260280820168,0.0234973545452
10.8198786946,41.2683260768,-0.299999,-0.263,23.96,-0.125285135271,-0.0240417391969,-0.0482652612906,-0.391735654237,0.0292392313407
10.7769520299,41.2582171501,-1.198,-0.363998,23.981,-1.13423086301,-0.27678059775,-0.27601907459,-0.142980025141,0.0123512033013
10.7535690218,41.2900112061,-0.039999,1.122,20.667,-1.04604066854,-0.25397652133,-5.98869897316,2.25569879005,nan
10.7603427921,41.2751016419,-0.499001,2.907,23.528,-2.62221941425,-1.31505694189,-5.63258053672,4.76058041465,nan
10.7651731193,41.2989874128,-0.468,2.602,23.214,-2.62562409028,-1.31971437763,-6.02372054986,4.83772125177,nan
10.7552371092,41.2865318758,-2.411,3.031,23.949,-2.62340327747,-1.31667480617,-0.927242701313,0.47624210622,nan
10.7622954087,41.2790789108,-0.282,3.136,23.747,-2.62343472039,-1.31671779929,-5.90285481629,5.24985455689,nan
10.7454669371,41.2792149691,-1.482,1.13,22.687,-2.62299673175,-1.31611902911,-4.27128757467,2.55828784933,nan
10.7309822383,41.2908439977,-0.979,0.582998,21.366,-1.80549045157,-0.547403337716,-4.88711817733,1.85311739914,nan
10.7330148651,41.2811634296,-1.005,0.312,21.292,-1.53404595205,-0.411583901763,-4.29420375101,1.1862035679,nan
10.7517526133,41.2738681921,-1.334,1.323,22.765,-2.62092125197,-1.31328484167,-4.52047509057,2.88547448022,nan
10.7303232917,41.286704984,-0.278999,-0.00399971,21.368,-0.341744152181,-0.0898166212411,-3.1726834304,0.140683460915,nan
10.7706488131,41.262871411,-0.907999,2.255,23.418,-2.62361795516,-1.31696836729,-4.82867991731,3.84667918489,nan
10.7451423014,41.2721061843,-1.013,0.966999,21.706,-2.62354426992,-1.31686760003,-6.30508961437,3.61108898876,nan
10.8017023585,41.2835053558,-1.229,-0.0460014,21.182,-1.48018363349,-0.389548431143,-3.78119259152,0.56319179806,nan
10.7738507759,41.286225893,-0.737,2.312,23.476,-2.62397859103,-1.31746164564,-5.15489496452,4.23089479667,nan
10.7570072997,41.2761952989,-1.324,0.424,21.385,-2.37343953727,-1.01133313009,-5.36800455221,2.35300478109,nan
10.75548589,41.2878286705,-1.476,0.244001,21.315,-2.50343818511,-1.1612394081,-5.38867290307,2.30367343712,nan
10.7669686278,41.2900331822,-1.159,0.198,21.339,-1.63944543546,-0.459110973192,-4.13823032665,1.07723102855,nan
10.7545214553,41.2950523509,-1.478,1.185,22.437,-2.62470900203,-1.31846118946,-4.53409470552,2.57109498018,nan
10.7590666525,41.2972740733,-1.061,0.0569992,21.271,-1.35346493503,-0.343007761497,-3.78474921949,0.655749127935,nan
10.7600389258,41.2804947648,-0.401999,0.632999,22.026,-1.05150609256,-0.255340533479,-3.83029593676,1.45629500598,nan
10.8075052617,41.2707114513,-1.023,0.317999,22.026,-1.56673681338,-0.425678652407,-3.59314443655,1.21914350576,nan
10.7322433448,41.2806018496,-1.052,0.609999,22.217,-1.98232613365,-0.662422994494,-4.26893815506,2.08593720901,nan
10.7491973258,41.2809700519,-0.356001,0.727001,21.763,-1.07939701776,-0.262397087095,-4.2589639007,1.62196438898,nan
10.7304442719,41.2841681258,-0.847,0.453999,22.293,-1.45719476921,-0.380572588485,-3.47515016547,1.36814943305,nan
10.7470630219,41.2687346262,-0.184999,1.132,22.168,-1.2361114127,-0.305619509262,-4.58875397627,2.35675324384,nan
10.7540278972,41.297709959,-0.328001,1.909,23.377,-2.6237415489,-1.31713740114,-6.17039947506,5.14740028378,nan
10.748574397,41.2797832773,-0.487001,1.687,23.311,-2.62371183183,-1.31709675668,-5.87982969792,4.7908305219,nan
10.7344514366,41.2787937576,-0.309,0.478001,21.655,-0.803074054627,-0.197750847953,-3.85278863929,1.10778932594,nan
10.7555264135,41.296382139,-0.299,0.239,21.68,-0.58271989293,-0.149047358932,-3.35614343149,0.636143736666,nan
10.8077253596,41.2698636677,-0.372,0.364,22.367,-0.778826793184,-0.19242232996,-2.9451676995,0.912168279335,nan
10.8082496307,41.2725053044,-0.701,-0.0170002,22.358,-0.838954144983,-0.205681584305,-2.35131394581,0.309313747444,nan
10.8043610923,41.2731866245,-0.459999,0.182999,22.407,-0.726031125831,-0.180856825349,-2.58948480965,0.596484397664,nan
10.7502238685,41.2862259372,-0.466999,0.463999,21.835,-0.980257332061,-0.237991227069,-3.71580422967,1.15080331414,nan
10.7648846038,41.2952149581,-1.019,1.304,23.272,-2.62380456845,-1.31722359744,-4.7262191806,3.59821853973,nan
10.7295148385,41.2948931325,-0.943001,1.026,22.735,-2.62360917776,-1.31695636353,-5.43317962352,3.76818023387,nan
10.7486616761,41.2831808329,-0.514999,1.026,22.525,-1.58102424344,-0.432016986419,-4.26519063661,2.39019025514,nan
10.7616591615,41.2874537945,-1.195,0.282,21.983,-1.79838280217,-0.543255334593,-3.76987712067,1.3528769223,nan
10.7769677653,41.2976979068,-1.247,0.299,22.105,-1.91674926936,-0.617025353858,-3.79668101553,1.50168055776,nan
10.7578892566,41.3001921169,-1.156,0.629002,23.089,-2.29719378496,-0.931823775071,-3.86972944974,2.55873015164,nan
10.7482958935,41.2747987902,-0.376001,1.232,23.103,-1.59838372554,-0.439867909542,-4.03776699928,2.74076764015,nan
10.731181023,41.2909522531,-0.664,2.279,23.876,-2.62414928485,-1.31769517628,-4.91895509495,4.39495454564,nan
10.7327067833,41.2856743434,-0.918001,0.175001,22.745,-1.27897575163,-0.318708478436,-2.46435919822,0.80936003745,nan
10.73236357,41.2819816001,-0.386,0.627001,22.885,-1.02661354084,-0.249175100197,-2.95135372016,1.43635394904,nan
10.8079989429,41.2716639392,-0.265999,1.243,23.199,-1.45146142961,-0.378372569167,-3.85898846343,2.65798786834,nan
10.7537629661,41.2931650009,-1.43,0.207001,22.211,-2.18455202308,-0.825009464713,-3.8808195528,1.6918199953,nan
10.7777745919,41.2900315663,-1.061,0.504,22.388,-1.84874284893,-0.573405301632,-3.77823723584,1.76623772412,nan
10.7517281493,41.2824971027,-0.861,0.476999,23.229,-1.50053970862,-0.397707410055,-2.60494530663,1.43394539818,nan
10.8006074387,41.2815017089,-1.226,0.316,22.346,-1.90017390894,-0.606076667363,-3.56560039764,1.51160106902,nan
10.7618231258,41.2779561756,-1.059,0.0400009,22.294,-1.33432493439,-0.336564556832,-2.72331982088,0.61732044649,nan
10.741859207,41.2778140207,-1.147,0.240999,22.372,-1.66971135185,-0.473920768246,-3.20000024308,1.17199998368,nan
10.7832551875,41.291733954,-0.632,0.784,23.04,-1.49409944825,-0.39510427154,-3.29295755704,1.93295847257,nan
10.7590262357,41.2803962886,-0.813002,0.153002,22.363,-1.12553234079,-0.274450528496,-2.73774062824,0.700741497991,nan
10.7640989607,41.2832077652,-0.627001,0.0790005,22.281,-0.834407833283,-0.2046728117,-2.58403803435,0.465038171676,nan
10.7997860653,41.2880295068,-0.112001,0.566,22.568,-0.645025827356,-0.163024430183,-3.02712119822,1.19512199168,nan
10.7572278449,41.2936741387,-0.74,0.187,22.449,-1.06610109583,-0.259012747932,-2.68216948459,0.731168889492,nan
10.7539619008,41.2917050128,-0.988001,0.34,22.533,-1.53908006056,-0.413718023179,-3.10260262079,1.23560356683,nan
10.7506503645,41.2844856018,-0.354,0.735001,22.784,-1.08413317766,-0.263611906524,-3.25306930307,1.6370696998,nan
10.7375468387,41.2765169227,-0.462,0.608,22.562,-1.10281652539,-0.268453439717,-3.27480831772,1.43680859238,nan
10.7760229324,41.2834134667,-1.095,0.0900002,22.595,-1.43209740874,-0.371053296256,-2.56082601262,0.755825325974,nan
10.7571284522,41.2802740166,-1.431,0.730001,23.183,-2.62193587049,-1.31466970552,-3.88725978212,2.6702603467,nan
10.7547668953,41.2852639838,-1.142,0.827,23.17,-2.62405809336,-1.31757041041,-4.55299968828,3.32299976458,nan
10.7278404466,41.2929487794,-1.588,0.222,23.353,-2.62358389076,-1.31692178215,-3.36893352849,2.32193416936,nan
10.7632572909,41.2667581892,-0.292,0.493,22.887,-0.795883848615,-0.196168712419,-2.64278569424,1.12978482449,nan
10.7644682312,41.2756464288,-0.740999,0.348,22.723,-1.21415935733,-0.299147697806,-2.7378975921,1.06089716485,nan
10.7608210404,41.2661381415,-1.506,0.562,22.948,-2.62356819559,-1.31690031853,-3.95775716863,2.50575712285,nan
10.8017907158,41.281931707,-1.124,-0.0159988,22.701,-1.36631439158,-0.347414633569,-2.24230436545,0.543304579077,nan
10.7789089192,41.265258244,-1.422,0.807999,23.814,-2.62412704885,-1.31766475262,-3.28135524369,2.69535441972,nan
10.7908450707,41.2936308991,-0.35,0.222,22.683,-0.628884284397,-0.159433018705,-2.3422996662,0.625300230779,nan
10.7758728633,41.2875326499,-1.55,0.109001,22.85,-2.35350983312,-0.989968123096,-3.35158860667,1.80158898814,nan
10.8041986225,41.278701246,-0.616999,0.696999,23.564,-1.38552843861,-0.354129559276,-2.55916173458,1.7231609106,nan
10.7778526871,41.2880818369,-1.063,0.448999,22.838,-1.78129725819,-0.533425471864,-3.172533241,1.61053258487,nan
10.7626971177,41.2698658909,-0.278,0.926001,23.239,-1.16318422101,-0.284677542304,-3.14571793759,1.98471825803,nan
10.7401428656,41.2710711619,-1.12,0.506001,23.11,-1.96557869368,-0.650507309027,-3.18591386149,1.89591447184,nan
10.7840162276,41.2718872897,-0.267,0.762001,23.308,-1.00193230601,-0.24317516344,-2.73982927319,1.64782983777,nan
10.7579600056,41.298799585,-1.622,0.233,23.049,-2.62375054073,-1.3171496996,-3.59707824081,2.24607802719,nan
10.7926358056,41.2918959208,-1.468,-0.0650005,22.944,-1.83244044278,-0.563449903525,-2.27312986974,0.817130113881,nan
10.8033103078,41.2784601556,-0.0500011,0.114,23.603,-0.159261925849,-0.0354370712211,-1.04197868971,0.244979330583,0.0289507982347
10.7913868861,41.2860875618,-1.666,0.302,23.171,-2.62372925061,-1.31712058045,-3.37637465328,2.14737418026,nan
10.8070406305,41.2714655119,-0.621,0.5,23.704,-1.20291315815,-0.29588979736,-2.0007368997,1.30473737272,0.0106178908024
10.8066694987,41.2694269519,-0.546999,0.1,23.692,-0.75736339791,-0.187717771786,-1.17966966827,0.471669103697,0.0225415118634
10.7452748712,41.2773875233,-1.294,0.947001,23.391,-2.62174809127,-1.31441330898,-3.98601150717,2.97701225485,nan
10.7676761555,41.2914481363,-1.259,-0.0390015,23.14,-1.53023746779,-0.409978021194,-1.86815889945,0.608158289098,nan
10.7536976198,41.2918662851,-0.758999,0.0639992,22.949,-0.979702026755,-0.237859400438,-1.94585072044,0.494850125349,0.0169650858687
10.7681496824,41.2744343836,-1.713,-0.0220013,23.21,-2.62305110877,-1.3161933547,-3.23047572472,2.04047480919,nan
10.8013207877,41.2862691446,-0.733,0.373999,23.109,-1.22817810861,-0.303263168018,-2.40126600995,1.11026526227,nan
10.757094104,41.2678932869,-0.92,0.796999,23.463,-1.99234176864,-0.669656700214,-3.34135422642,2.40435357029,nan
10.7720462756,41.2823654624,-1.577,-0.504,23.211,-1.49875555266,-0.396984221053,-1.01356432958,-0.175435227918,0.00137278333744
10.7996658656,41.2906480931,-1.533,-0.0580006,23.279,-1.96687994619,-0.651425124152,-2.09382781823,0.972827146847,nan
10.8001460441,41.2832871353,-0.433001,0.937,23.417,-1.3740642783,-0.35010480465,-3.09300850984,2.11000832673,nan
10.8000754762,41.2832936594,-0.973,-0.0980015,23.161,-1.09640345437,-0.266782573799,-1.51569101944,0.276690317536,0.0136976515182
10.8041412771,41.2760217119,-0.678999,0.0310001,23.921,-0.854592900751,-0.209161996529,-0.872708889183,0.393708416161,0.0200954700685
10.745296401,41.275886517,-1.633,-2.045,23.363,-0.165117435984,-0.0373561887749,2.25422035749,-3.29121948774,nan
10.7717576444,41.2808129461,-0.942999,0.949999,23.699,-2.39120783504,-1.03073535708,-3.94810586176,3.24710526667,nan
10.774837763,41.2779221564,-0.835999,1.104,23.88,-2.42185548942,-1.06499708805,-4.07573392054,3.55573308131,nan
10.7607836815,41.2833401734,-0.355,-0.305,23.236,-0.157480222739,-0.0348505632626,-0.721131509599,-0.442868429366,0.0289656516467
10.7752003242,41.2766801933,-0.937,0.77,23.704,-1.98652123536,-0.665443008662,-3.04918553751,2.35318601053,nan
10.7688591247,41.3000291648,-1.583,0.00600052,23.495,-2.20230786046,-0.8410346453,-2.29358139699,1.38858223623,nan
10.7359724331,41.2791613167,-0.129002,1.25,23.655,-1.27506758088,-0.317489322206,-3.31465393992,2.56965462657,nan
10.8004663685,41.283923881,-0.570002,0.727001,23.568,-1.3519623933,-0.342496752829,-2.58527452296,1.75327531642,nan
10.7584804083,41.2876090338,-0.566999,1.204,23.899,-1.88167863305,-0.594103362295,-3.44871103759,2.94771120544,nan
10.7585004915,41.2694384656,-1.065,-0.0429993,23.493,-1.26295503119,-0.313744207596,-1.35084413345,0.443844163964,0.00942401138377
10.7529584283,41.281897172,-1.118,-0.24,23.476,-1.14752282403,-0.280378479728,-0.990194772126,0.0661946042791,0.0118916331526
10.7407345478,41.2710832457,-0.347,-0.0679989,23.495,-0.368106307411,-0.0968660902743,-0.952322446284,0.0473232855178,0.0268657808668
10.7513536743,41.2815218881,-0.012001,-1.027,23.457,1.14223757292,0.95058866904,1.64497967976,-2.58797894734,nan
10.7768015188,41.2974667823,-0.136,0.313,23.827,-0.451143807688,-0.118026996979,-1.27960151983,0.706601184132,0.0262519693685
10.7498336759,41.2714806341,-1.94,-0.118,23.761,-2.62341331335,-1.31668852848,-2.17131596906,1.53231564863,nan
10.7398250839,41.2740065028,-0.174,0.355,23.633,-0.534414291659,-0.137944063643,-1.57510485177,0.808104271933,0.0254868757009
10.7564968529,41.2883548269,-1.031,0.540001,23.649,-1.84206682048,-0.569305534517,-2.56953499616,1.81853516401,nan
10.7941331486,41.2931665304,-0.116001,0.0,23.658,-0.136321590609,-0.0277925593938,-0.787560626732,0.0455615727768,0.0291236086503
10.7609144113,41.2729700968,-0.820999,0.562,23.907,-1.53229115036,-0.410843050367,-2.08782553498,1.59482512299,nan
10.75822984,41.2694957506,-0.212,0.681999,23.861,-0.865323797036,-0.21156039289,-2.00385174131,1.46485180235,0.0199217784686
10.7436681579,41.2786674111,-1.535,0.351,23.898,-2.62282238792,-1.31588075041,-2.941063275,2.43906399216,nan
10.7490001487,41.2726783768,-0.16,-0.882,23.683,1.14061542696,0.948368836922,2.19917830981,-2.91617774524,nan
10.7869532788,41.2953069564,-0.6,0.257,23.903,-0.958090772975,-0.23276491576,-1.29989337657,0.802893254495,0.0176028487759
10.7665561606,41.2744494999,-0.917999,0.299,23.887,-1.39905761925,-0.358949977117,-1.59160703941,1.07860616966,0.00463861096829
10.7648410033,41.2964972109,-1.535,-0.464001,23.897,-1.48071937705,-0.3897605967,-0.381295550371,-0.121705090498,0.00297190680519
10.7433687534,41.2765618583,-0.0679989,0.358999,23.852,-0.409072235007,-0.107491202453,-1.31273916761,0.764738450446,0.0265410640381
10.7516400151,41.2783051056,-0.67,-0.115,23.936,-0.716648365371,-0.178801242726,-0.568591752432,0.104592576406,0.0233146686534
10.7515165644,41.2885618644,-0.448999,-0.279001,23.942,-0.302824976904,-0.0790765698591,-0.130255210308,-0.327745354267,0.0274996675128
10.7567147099,41.2717181209,-0.405001,-76.096,23.903,1.07328763154,0.859033772071,2.81754767655,-3.31454779862,nan
10.7602579606,41.2807187963,-0.157,-0.257,23.947,0.0675521921281,0.0501224203962,0.05047983121,-0.50347932767,nan
10.7000607351,41.2872754945,-0.0459995,0.962,18.341,-0.911710815937,-0.222044694851,-8.00005709843,1.9410567017,nan
10.7073336619,41.2819061109,-0.366001,2.753,23.52,-2.62375829617,-1.31716030708,-5.94223534272,5.06223580048,nan
10.7376272991,41.2807266305,-1.168,1.407,21.523,-2.62370086514,-1.31708175765,-6.14089993355,3.26390065071,nan
10.7400470554,41.3025729213,-1.429,2.401,23.932,-2.62409722055,-1.31762394199,-3.14759333472,2.67959254127,nan
10.700571755,41.2862985449,-1.134,3.221,23.916,-2.62496079432,-1.31880591007,-3.82695931119,3.3429596774,nan
10.7390961547,41.309223788,-0.565001,0.981001,20.811,-1.60663720495,-0.443659120462,-5.92450740673,2.33550823071,nan
10.7401072151,41.2841967263,-0.197001,2.402,22.936,-2.62547421463,-1.31950905701,-6.90900749686,5.44500832083,nan
10.7035661078,41.2894980906,-0.743999,1.125,21.237,-2.14343597095,-0.789027485982,-6.3007504653,3.13774997702,nan
10.7625052164,41.2905326018,-1.177,0.0820007,20.627,-1.53960769187,-0.413942460669,-4.5860208193,0.813021628018,nan
10.7132551709,41.3044657424,-1.339,3.194,23.602,-2.62228637903,-1.31514841016,-3.67532713975,2.87732642259,nan
10.7339433932,41.3092923509,-0.553999,2.705,23.807,-2.62331486467,-1.3165539224,-5.23272258164,4.63972178819,nan
